<?xml version="1.0" encoding="UTF-8"?>
<beans xmlns="http://www.springframework.org/schema/beans"
    xmlns:context="http://www.springframework.org/schema/context"
    xmlns:mvc="http://www.springframework.org/schema/mvc"
    xmlns:xsi="http://www.w3.org/2001/XMLSchema-instance"
    xsi:schemaLocation="http://www.springframework.org/schema/beans http://www.springframework.org/schema/beans/spring-beans.xsd
    http://www.springframework.org/schema/mvc http://www.springframework.org/schema/mvc/spring-mvc.xsd
    http://www.springframework.org/schema/context http://www.springframework.org/schema/context/spring-context.xsd">
  
    <context:annotation-config/>
    <context:component-scan base-package="admin,adminRegister,app,insuranceJdbc,loans,userLogin" />
     <mvc:annotation-driven />
   
   
  <!--   <bean
    class="org.springframework.web.servlet.handler.SimpleMappingExceptionResolver">

    <property name="exceptionMappings">
        <props>
            <prop key="java.lang.ArithmeticException">MathError</prop>
           <prop key="java.lang.ArrayIndexOutOfBouundsException">MathError</prop>
        </props>
    </property>
     <property name="defaultErrorView" value="GeneralError"/>
     </bean> -->
     
   <bean
        class="org.springframework.web.servlet.view.InternalResourceViewResolver">
        <property name="prefix">
            <value>/WEB-INF/view/</value>
        </property>
        <property name="suffix">
            <value>.jsp</value>
        </property>
    </bean>
    
    <bean id="datasource" class="org.springframework.jdbc.datasource.DriverManagerDataSource">
       <property name="driverClassName" value="oracle.jdbc.driver.OracleDriver"/>
       <property name="url" value="jdbc:oracle:thin:@localhost:1521:xe"/>
       <property name="username" value="system"/>
       <property name="password" value="system"/>
   </bean>
   
  
    </beans>
     
